<?xml version="1.0" encoding="utf-8"?><feed xmlns="http://www.w3.org/2005/Atom" ><generator uri="https://jekyllrb.com/" version="3.8.5">Jekyll</generator><link href="http://localhost:4000/jekyll_test9/feed.xml" rel="self" type="application/atom+xml" /><link href="http://localhost:4000/jekyll_test9/" rel="alternate" type="text/html" /><updated>2019-07-12T20:39:24+09:00</updated><id>http://localhost:4000/jekyll_test9/feed.xml</id><title type="html">jekyll test no.9</title><subtitle>test site for jekyll, navigation mainly.</subtitle><entry><title type="html">Table Of Check_badges</title><link href="http://localhost:4000/jekyll_test9/categories/19-07-12/table-of-check_badges" rel="alternate" type="text/html" title="Table Of Check_badges" /><published>2019-07-12T00:00:00+09:00</published><updated>2019-07-12T00:00:00+09:00</updated><id>http://localhost:4000/jekyll_test9/categories/19-07-12/table-of-check_badges</id><content type="html" xml:base="http://localhost:4000/jekyll_test9/categories/19-07-12/table-of-check_badges">&lt;p&gt;Member of lab : A, B, C, D&lt;/p&gt;

&lt;table&gt;
  &lt;thead&gt;
    &lt;tr&gt;
      &lt;th&gt; &lt;/th&gt;
      &lt;th&gt;A&lt;/th&gt;
      &lt;th&gt;B&lt;/th&gt;
      &lt;th&gt;C&lt;/th&gt;
      &lt;th&gt;D&lt;/th&gt;
    &lt;/tr&gt;
  &lt;/thead&gt;
  &lt;tbody&gt;
    &lt;tr&gt;
      &lt;td&gt;6/25 : commandline by Thor&lt;/td&gt;
      &lt;td&gt;○&lt;/td&gt;
      &lt;td&gt;×&lt;/td&gt;
      &lt;td&gt;×&lt;/td&gt;
      &lt;td&gt;○&lt;/td&gt;
    &lt;/tr&gt;
    &lt;tr&gt;
      &lt;td&gt;7/1 : install jekyll and change org-mode to jekyll&lt;/td&gt;
      &lt;td&gt;○&lt;/td&gt;
      &lt;td&gt;×&lt;/td&gt;
      &lt;td&gt;×&lt;/td&gt;
      &lt;td&gt;○&lt;/td&gt;
    &lt;/tr&gt;
    &lt;tr&gt;
      &lt;td&gt;7/8 : about check_badges&lt;/td&gt;
      &lt;td&gt;○&lt;/td&gt;
      &lt;td&gt;○&lt;/td&gt;
      &lt;td&gt;×&lt;/td&gt;
      &lt;td&gt;&lt;a href=&quot;https://qiita.com/daddygongon/items/d803d9ce6d75bef3179a&quot;&gt;×&lt;/a&gt;&lt;/td&gt;
    &lt;/tr&gt;
  &lt;/tbody&gt;
&lt;/table&gt;

&lt;p&gt;Question&lt;/p&gt;
&lt;ul&gt;
  &lt;li&gt;conv_md_and_storeをすると.orgファイルではテーブル表示されていたが.mdファイルでは何故か”|“が消されて変換されるためテーブル表示されない&lt;/li&gt;
  &lt;li&gt;”|“が二つ続くとconv_md_and_storeの処理が途中で終わり全てのファイルが.mdに変換されない&lt;/li&gt;
  &lt;li&gt;jekyllで”|“が表示されない
    &lt;ul&gt;
      &lt;li&gt;”|“の前に”\“を入れるとjekyllで”|“が表示されるようになった&lt;/li&gt;
    &lt;/ul&gt;
  &lt;/li&gt;
  &lt;li&gt;my_blogに”\“がある状態でconv_md_and_storeすると”\“が3つ続けて.mdに出力されるようになる&lt;/li&gt;
&lt;/ul&gt;</content><author><name></name></author><summary type="html">Member of lab : A, B, C, D</summary></entry><entry><title type="html">About Chech_badges</title><link href="http://localhost:4000/jekyll_test9/categories/19-07-11/about-chech_badges" rel="alternate" type="text/html" title="About Chech_badges" /><published>2019-07-11T00:00:00+09:00</published><updated>2019-07-11T00:00:00+09:00</updated><id>http://localhost:4000/jekyll_test9/categories/19-07-11/about-chech_badges</id><content type="html" xml:base="http://localhost:4000/jekyll_test9/categories/19-07-11/about-chech_badges">&lt;p&gt;blog = レポート&lt;/p&gt;

&lt;ul&gt;
  &lt;li&gt;自分の記録&lt;/li&gt;
  &lt;li&gt;内容を覚えている&lt;/li&gt;
  &lt;li&gt;証拠になる&lt;/li&gt;
  &lt;li&gt;研究の目的, 背景を残す&lt;/li&gt;
&lt;/ul&gt;

&lt;p&gt;ペア - 授業を欠席していた子が授業を出席していたペアの子に聞く&lt;/p&gt;

&lt;p&gt;スタンプ&lt;/p&gt;

&lt;ul&gt;
  &lt;li&gt;全て集めることに意味がある&lt;/li&gt;
  &lt;li&gt;目に見える形で記録&lt;/li&gt;
&lt;/ul&gt;

&lt;p&gt;物事は過程が重要&lt;/p&gt;

&lt;ul&gt;
  &lt;li&gt;リファリタリング(レッドアンドグリーンの様なコードを綺麗にしていく作業)すると過程が残らない　→　これをしていくごとに内容がよくなる&lt;/li&gt;
  &lt;li&gt;しかし過程が残らない　→　過程が重要&lt;/li&gt;
  &lt;li&gt;過程を可視化するのが目的&lt;/li&gt;
&lt;/ul&gt;

&lt;p&gt;スタンプについて&lt;/p&gt;

&lt;ul&gt;
  &lt;li&gt;全て集める　⇢　卒業必須&lt;/li&gt;
  &lt;li&gt;スタンプはゼミの課題を達成することでもらえる
→出席者は教授者の権利，スタンプを押せる&lt;/li&gt;
  &lt;li&gt;レポートの提出を必須にする(パクリ防止のため)
→　レポートから何をやったのか説明できるようにする&lt;/li&gt;
&lt;/ul&gt;</content><author><name></name></author><summary type="html">blog = レポート</summary></entry><entry><title type="html">How To Change Org Mode To Jekyll</title><link href="http://localhost:4000/jekyll_test9/categories/19-07-10/How-to-change-org-mode-to-jekyll" rel="alternate" type="text/html" title="How To Change Org Mode To Jekyll" /><published>2019-07-10T00:00:00+09:00</published><updated>2019-07-10T00:00:00+09:00</updated><id>http://localhost:4000/jekyll_test9/categories/19-07-10/How-to-change-org-mode-to-jekyll</id><content type="html" xml:base="http://localhost:4000/jekyll_test9/categories/19-07-10/How-to-change-org-mode-to-jekyll">&lt;p&gt;org-modeからjekyllへの自動配置については下記を参照する
&lt;a href=&quot;https://qiita.com/daddygongon/items/d803d9ce6d75bef3179a&quot;&gt;org-modeからjekyllへの自動配置&lt;/a&gt;&lt;/p&gt;</content><author><name></name></author><summary type="html">org-modeからjekyllへの自動配置については下記を参照する org-modeからjekyllへの自動配置</summary></entry><entry><title type="html">Seminar</title><link href="http://localhost:4000/jekyll_test9/categories/19-07-08/seminar" rel="alternate" type="text/html" title="Seminar" /><published>2019-07-08T00:00:00+09:00</published><updated>2019-07-08T00:00:00+09:00</updated><id>http://localhost:4000/jekyll_test9/categories/19-07-08/seminar</id><content type="html" xml:base="http://localhost:4000/jekyll_test9/categories/19-07-08/seminar">&lt;p&gt;オムリさんにjekyllについて聞く&lt;/p&gt;

&lt;p&gt;河野さんのスタンプ集めのシステム作りの手伝い&lt;/p&gt;</content><author><name></name></author><summary type="html">オムリさんにjekyllについて聞く</summary></entry><entry><title type="html">Install Jekyll</title><link href="http://localhost:4000/jekyll_test9/categories/19-07-03/install-jekyll" rel="alternate" type="text/html" title="Install Jekyll" /><published>2019-07-03T00:00:00+09:00</published><updated>2019-07-03T00:00:00+09:00</updated><id>http://localhost:4000/jekyll_test9/categories/19-07-03/install-jekyll</id><content type="html" xml:base="http://localhost:4000/jekyll_test9/categories/19-07-03/install-jekyll">&lt;p&gt;jekyllのインストールについては下記を参照 &lt;a href=&quot;https://qiita.com/daddygongon/items/9b7182db29861744fc79&quot;&gt;jekyllのinstallとGitHub
Pagesとの連携&lt;/a&gt;&lt;/p&gt;

&lt;p&gt;jekyllをインストールするとき ~data~, ~includes~, ~posts~, ~layouts~,
~sass~, assets, about.md, index.mdを自分のものと移し替えておくとよい
そのあとbundle
updateしておく(パッケージの中身をいじったときにやるとよい？)&lt;/p&gt;

&lt;p&gt;&lt;a href=&quot;https://qiita.com/rosylilly/items/d7f9667f3998cfc420d1&quot;&gt;Ruby で作る、簡単 CLI
ツールのススメ&lt;/a&gt;&lt;/p&gt;</content><author><name></name></author><summary type="html">jekyllのインストールについては下記を参照 jekyllのinstallとGitHub Pagesとの連携</summary></entry><entry><title type="html">Seminar</title><link href="http://localhost:4000/jekyll_test9/categories/19-07-01/seminar" rel="alternate" type="text/html" title="Seminar" /><published>2019-07-01T00:00:00+09:00</published><updated>2019-07-01T00:00:00+09:00</updated><id>http://localhost:4000/jekyll_test9/categories/19-07-01/seminar</id><content type="html" xml:base="http://localhost:4000/jekyll_test9/categories/19-07-01/seminar">&lt;h2 id=&quot;cli-ツールについて&quot;&gt;CLI ツールについて&lt;/h2&gt;

&lt;ul&gt;
  &lt;li&gt;bundle exec rake -T テストが走る&lt;/li&gt;
  &lt;li&gt;bundle exec rake install:local ローカルでbundle exec
なしにコマンドラインで実行できるようになる&lt;/li&gt;
&lt;/ul&gt;

&lt;p&gt;課題 jekyllのインストール jekyllのインストールして動かしたときの問題点&lt;/p&gt;

&lt;p&gt;アルバ　cucumber thor testのところをrspec rake -Tをするとテストが走る
rspecとを一体化して動かしてみる&lt;/p&gt;</content><author><name></name></author><summary type="html">CLI ツールについて</summary></entry><entry><title type="html">About Making Commandline By Thor</title><link href="http://localhost:4000/jekyll_test9/categories/19-06-25/about-making-commandline-by-Thor" rel="alternate" type="text/html" title="About Making Commandline By Thor" /><published>2019-06-25T00:00:00+09:00</published><updated>2019-06-25T00:00:00+09:00</updated><id>http://localhost:4000/jekyll_test9/categories/19-06-25/about-making-commandline-by-Thor</id><content type="html" xml:base="http://localhost:4000/jekyll_test9/categories/19-06-25/about-making-commandline-by-Thor">&lt;p&gt;コマンドラインの作成の仕方は下記のURL参照 &lt;a href=&quot;https://qiita.com/tbpgr/items/10a5c236cfb528c76ef5&quot;&gt;Ruby の CLI
ツールの作成を支援する、 thor gem の基本について。 #thor
#ruby&lt;/a&gt;&lt;/p&gt;

&lt;p&gt;&lt;a href=&quot;https://qiita.com/akisame338/items/92379addeb1a17468498&quot;&gt;RubyでCLIツールを作成する手順まとめ&lt;/a&gt;&lt;/p&gt;

&lt;h1 id=&quot;seminar2019-06-24-月&quot;&gt;seminar&amp;lt;2019-06-24 月&amp;gt;&lt;/h1&gt;

&lt;p&gt;ユースケース図(動作の一連の流れの図)，UML(Unified Modeling Language)
Rspecは出力と結果の差異をみる
Rubocopはコードの中身を見る．コーディングスタイルをチェック．Cでいうコンパイラの役割．
orgをrakeファイルにしてplatexで読み込んで変換&lt;/p&gt;

&lt;p&gt;handout.pdf 作成⇢　プレゼンテーション4分質問2分&lt;/p&gt;

&lt;p&gt;課題 Thorでコマンドラインを作成する．&lt;/p&gt;

&lt;h1 id=&quot;questions-about-thesis-of-mryamane16&quot;&gt;Questions about thesis of Mr.Yamane('16)&lt;/h1&gt;

&lt;ol&gt;
  &lt;li&gt;hikiとはどんなもの？
    &lt;ul&gt;
      &lt;li&gt;Rubyで書かれたWiki
clone？.orgみたいなのもの？結局どういったもの？&lt;a href=&quot;http://hikiwiki.org/ja/about.html&quot;&gt;Hikiとは？&lt;/a&gt;
wikiはCMS(contents management system) hiki記法　markup language&lt;/li&gt;
    &lt;/ul&gt;
  &lt;/li&gt;
  &lt;li&gt;Thorとはどんなもの？
    &lt;ul&gt;
      &lt;li&gt;コマンドラインツールの作成を支援するライブラリ．どうやって書いていくのか？
&lt;a href=&quot;https://qiita.com/succi0303/items/32560103190436c9435b&quot;&gt;Thorの使い方まとめ&lt;/a&gt;&lt;/li&gt;
    &lt;/ul&gt;
  &lt;/li&gt;
  &lt;li&gt;optparseとはどんなものか？
    &lt;ul&gt;
      &lt;li&gt;getopt
よりも簡便で，柔軟性に富み，かつ強力なコマンドライン解析
ライブラリである.そもそもgetoptとは？&lt;/li&gt;
      &lt;li&gt;optparse(option parser)とは言語解析ツール&lt;/li&gt;
    &lt;/ul&gt;
  &lt;/li&gt;
  &lt;li&gt;OptionParser
のインスタンスでコマンドラインを解析するという手法をとっている.
    &lt;ul&gt;
      &lt;li&gt;どういうこと？&lt;/li&gt;
    &lt;/ul&gt;
  &lt;/li&gt;
  &lt;li&gt;hikiutils とはどんなものか？
    &lt;ul&gt;
      &lt;li&gt;hiki の操作をするソフト．rubyで作られてコンテンツマネージメント
コマンドラインでhikiを操作するもの．&lt;/li&gt;
    &lt;/ul&gt;
  &lt;/li&gt;
  &lt;li&gt;eucとは何をやっているのか？(p17)&lt;/li&gt;
&lt;/ol&gt;

&lt;p&gt;文字コード,utf-8に変換する作業&lt;/p&gt;

&lt;ol&gt;
  &lt;li&gt;この研究は何をやっているのか？
    &lt;ul&gt;
      &lt;li&gt;直感的なコマンドの実装?&lt;/li&gt;
      &lt;li&gt;Thorで書き換えてみました．&lt;/li&gt;
    &lt;/ul&gt;
  &lt;/li&gt;
  &lt;li&gt;FizzBuzzとは？
    &lt;ul&gt;
      &lt;li&gt;1からの数字を3で割れたらFizz,5で割れたらBuzz,15で割れたらFizzBuzzと表示させるもの？その処理をさせる意味は？&lt;/li&gt;
    &lt;/ul&gt;
  &lt;/li&gt;
  &lt;li&gt;どういった命名であると直感的にわかりやすいのか？
    &lt;ul&gt;
      &lt;li&gt;shellで使われているもの？shellのコマンドは基本的に全て同じ
構文の書き方が違う．&lt;/li&gt;
    &lt;/ul&gt;
  &lt;/li&gt;
  &lt;li&gt;どうやったらそれができるのか？
    &lt;ul&gt;
      &lt;li&gt;使い方の手順など&lt;/li&gt;
    &lt;/ul&gt;
  &lt;/li&gt;
  &lt;li&gt;コメンドとは？(4.1.2 コメンド名と振る舞いの詳細)
    &lt;ul&gt;
      &lt;li&gt;コマンドの間違い?&lt;/li&gt;
    &lt;/ul&gt;
  &lt;/li&gt;
&lt;/ol&gt;

&lt;p&gt;よくわからんこと Thor
で作成したコマンドラインはどのように反映させているのか？
.cgiのファイルはどのような役割があるのか？
web上のコマンド,一次受けのコマンド．アプリがコマンドを受け取る．&lt;/p&gt;

&lt;h1 id=&quot;about-how-to-pass-latex-with-fish&quot;&gt;about How to pass Latex with fish&lt;/h1&gt;

&lt;p&gt;下記のリンクを参照する&lt;/p&gt;

&lt;ul&gt;
  &lt;li&gt;&lt;a href=&quot;https://qiita.com/yaplus/items/55fa6957c1b15dbcf387&quot;&gt;macOSでLaTeX環境整えた時のメモ(2018)&lt;/a&gt;&lt;/li&gt;
&lt;/ul&gt;

&lt;h1 id=&quot;about-share-icloud&quot;&gt;about share iCloud&lt;/h1&gt;

&lt;p&gt;下記の記事を参照にする&lt;/p&gt;

&lt;ul&gt;
  &lt;li&gt;&lt;a href=&quot;https://qiita.com/daddygongon/items/e1495e95b1a0453c1084&quot;&gt;iCloudとのファイル共有&lt;/a&gt;&lt;/li&gt;
&lt;/ul&gt;</content><author><name></name></author><summary type="html">コマンドラインの作成の仕方は下記のURL参照 Ruby の CLI ツールの作成を支援する、 thor gem の基本について。 #thor #ruby</summary></entry><entry><title type="html">About Install Latex</title><link href="http://localhost:4000/jekyll_test9/categories/19-06-20/about-install-Latex" rel="alternate" type="text/html" title="About Install Latex" /><published>2019-06-20T00:00:00+09:00</published><updated>2019-06-20T00:00:00+09:00</updated><id>http://localhost:4000/jekyll_test9/categories/19-06-20/about-install-Latex</id><content type="html" xml:base="http://localhost:4000/jekyll_test9/categories/19-06-20/about-install-Latex">&lt;p&gt;インストール方法としては下記のURLを参照する&lt;/p&gt;

&lt;ul&gt;
  &lt;li&gt;&lt;a href=&quot;http://osksn2.hep.sci.osaka-u.ac.jp/~taku/osx/install_ptex.html&quot;&gt;教授でもできるMac OS
XへのLaTeXとTeXShopのインストレーション&lt;/a&gt;&lt;/li&gt;
&lt;/ul&gt;</content><author><name></name></author><summary type="html">インストール方法としては下記のURLを参照する</summary></entry><entry><title type="html">About Tidy</title><link href="http://localhost:4000/jekyll_test9/categories/19-06-19/about-tidy" rel="alternate" type="text/html" title="About Tidy" /><published>2019-06-19T00:00:00+09:00</published><updated>2019-06-19T00:00:00+09:00</updated><id>http://localhost:4000/jekyll_test9/categories/19-06-19/about-tidy</id><content type="html" xml:base="http://localhost:4000/jekyll_test9/categories/19-06-19/about-tidy">&lt;p&gt;terminal上で&lt;/p&gt;

&lt;p&gt;&amp;gt; tudy&lt;/p&gt;

&lt;p&gt;を入力すると〇〇.rb~といった,拡張子の後ろに&quot;~&quot;が付いた
ファイル(バックアップ)を全て削除してくれる.&lt;/p&gt;</content><author><name></name></author><summary type="html">terminal上で</summary></entry><entry><title type="html">About Config.fish</title><link href="http://localhost:4000/jekyll_test9/categories/19-06-18/about-config.fish" rel="alternate" type="text/html" title="About Config.fish" /><published>2019-06-18T00:00:00+09:00</published><updated>2019-06-18T00:00:00+09:00</updated><id>http://localhost:4000/jekyll_test9/categories/19-06-18/about-config.fish</id><content type="html" xml:base="http://localhost:4000/jekyll_test9/categories/19-06-18/about-config.fish">&lt;p&gt;研究室用のconfig.fishに変更した．
元データ研究室用のconfig.fishのバックアップは &quot; /Users/yuuki
/.config/fish/config.fish2&quot; とした. 自分が今まで使っていた設定は
'rbenv init -|source' と記述してあった． 何かあれば&lt;/p&gt;

&lt;ol&gt;
  &lt;li&gt;&quot; /Users/yuuki /.config/fish/config.fish&quot; を編集する．&lt;/li&gt;
  &lt;li&gt;'rbenv init -|source' を消去すれば研究室用の config.fish に戻せる&lt;/li&gt;
&lt;/ol&gt;

&lt;p&gt;上記の内容の有無で開発環境が違うため，注意する．&lt;/p&gt;</content><author><name></name></author><summary type="html">研究室用のconfig.fishに変更した． 元データ研究室用のconfig.fishのバックアップは &quot; /Users/yuuki /.config/fish/config.fish2&quot; とした. 自分が今まで使っていた設定は 'rbenv init -|source' と記述してあった． 何かあれば</summary></entry></feed>